title,posts,subreddit
r/travel Region of the Week: 'Wallonia',"Hey travellers!
 
In this new series of weekly threads we want to focus on regions that have a lot to offer to travellers: the towns, nature, and other interesting places whether they are lesser or more known. If more known provide more in depth suggestions like tours, things to do, places to eat, etc. 

Please contribute all and any questions / thoughts / suggestions / ideas / stories / highlights about this travel destination, whether it be places you want to see or experiences you have had.

This post will be [archived on our wiki destinations page](http://www.reddit.com/r/travel/wiki/topic-of-the-week) and linked in the sidebar for future reference, so please direct any of the more [repetitive questions](http://www.reddit.com/r/travel/search?q=""Indonesia""+self%3Ayes&amp;restrict_sr=on&amp;sort=relevance&amp;t=all) there. Please cick [here ](https://docs.google.com/spreadsheets/d/1RX3YnlJHWfAFBv-7oZZha_d7S0BxXLGHUvnDqbOju_k/edit?usp=sharing) for list and dates of future destinations.

**Only guideline:** If you link to an external site, make sure it's relevant to helping someone travel to this city. Please include adequate text with the link explaining what it is about and describing the content from a helpful travel perspective.

&gt; **Example:** We really enjoyed the Monterey Bay Aquarium in California. It was $35 each, but there's enough to keep you entertained for whole day. Bear in mind that parking on site is quite pricey, but if you go up the hill about 200m there are three $15/all day car parks. [Monterey Aquarium](http://www.montereybayaquarium.org)
&gt; 
&gt; **Unhelpful:** Read my [blog here](http://www.reddit.com/r/travel/wiki/faq#wiki_i.27ve_written_a_blog_about_my_amazing_trip._i_want_everyone_to_read_it.21.21.21.21)!!!
&gt; 
&gt; **Helpful:** My favourite part of driving down the PCH was the wayside parks. I wrote a blog post about [some of the best places to stop](http://www.reddit.com/r/travel/wiki/faq#wiki_i.27ve_written_a_blog_about_my_amazing_trip._i_want_everyone_to_read_it.21.21.21.21), including Battle Rock, Newport and the Tillamook Valley Cheese Factory (try the fudge and ice cream!).
&gt; 
&gt; **Unhelpful:** Eat all the curry! [picture of a curry].
&gt; 
&gt; **Helpful:** The best food we tried in Myanmar was at the Karawek Cafe in Mandalay, a street-side restaurant outside the City Hotel. The surprisingly young kids that run the place stew the pork curry[curry pic] for 8 hours before serving [menu pic]. They'll also do your laundry in 3 hours, and much cheaper than the hotel.
&gt; 
&gt; **Undescriptive** I went to Mandalay. Here's my photos/video.

As the purpose of these is to create a reference guide to answer some of the most repetitive questions, please do keep the content on topic. If comments are off-topic any particularly long and irrelevant comment threads may need to be removed to keep the guide tidy - start a new post instead. Please report content that is:

* Completely off topic

* Unhelpful, wrong or possibly harmful advice

* Against the rules in the sidebar ([blogspam](http://www.reddit.com/r/travel/wiki/faq#wiki_what_is_the_no_blogspam_rule.3F)/memes/referrals/sales links etc)",travel
Trollstigen View was completely covered when we arrived... thankfully most of the clouds cleared out after 30 minutes of waiting.,,travel
Neon glow in Chinatown Kuala Lumpur (Malaysia),,travel
Itinerary Help: Florida Keys,"Hoping some of you can help me out! My girlfriend and I were planning a trip down to the Keys in between some time in Orlando and Miami during September. The plan is to make the drive from Orlando to Key West stopping at some places along the way, but our first night in the Keys being Key West. From there, we would make our way back north to spend a couple days in Miami before flying home. The trouble is that it seems like there is a ton of things to do in the Keys and nothing seems *too* far away so I am struggling to try and schedule everything. Any thoughts on our list of activities (what we should add to the list, what we have that is over-hyped, etc.) would be much appreciated. Also of course, commenting on how much time you think we need to dedicate towards any specific activity! Below is the daily breakdown we are currently thinking:
- Day1: Leave Orlando early and stop for snorkeling at  John Pennekamp Coral Reef State Park in Key Largo (2.5hrs). Once done, continue on our journey and stop in Marathon at The Turtle Hospital (~1hr). Complete the journey and arrive in Key West where we can do a tour of Hemingway House (1hr) and attend the Sunset Celebration in Mallory Square (2hrs) before hitting up Duval Street for dinner/drinks. (Lodging TBD)
- Day2: Free-time until grabbing lunch at Cuban Coffee Queen (1hr) and heading to Little Palm Island Resort/Spa. (Not too much detail on their website, but it seems like this may be under construction.)
- Day3: Islamorada - we'd like to hike at Long Key State Park, but their website lists no reservations through Dec/2019. I assume this is for camping and not a closure of the entire park, but still need to do research. (Lodging TBD)
- Day4: Start our drive to Miami and would like to include more road-trip stops like we did on day 1 along the way before checking into the Miami hotel.
- Day5: Open day for Miami activities (I am assuming heavy on the beach, but we'd love additional ideas as well as restaurant/night-time activities!)
- Day6: Same as above, but we fly out of MIA that night (after 5PM).

As you can tell, the other days are looser than the first so any advice would be appreciated. Thanks in advance!",travel
What medium do you use to plan your travels?,"Hello Travelers! 

Wanted to see what methods everyone used to plan out their travels. Old school pen and paper? Apps? Word documents? A combination? 

I find myself using a note pad but when I have everything compiled, I end up rewriting the whole thing so it's actually legible... and then it's difficult to transport etc. It just doesn't seem like the most effective way, but it does feel good to have something solid. Wanted to check with the community and see what methods my fellow travelers are using.  

Thanks much and a great week to all- 

RB",travel
Have you ever seen the church in the cave of the mountain? What if I say it is beautiful place in Cairo hidden from tourist? Lets explore!,"There was time in my life which I spent in Cairo, Egypt. I've lived and worked there for 7 months and all my free time I've dedicated to explore country with the greatest history (in my opinion). Beside The Great Pyramid of Giza, Sharm el-Sheikh, Hurghada, fabulous Luxor &amp; Aswan and other famous locations there are magnificent places which is not that popular. 

Today, I would like to show you one of it. I was lucky to find it thanks to the project called ""Around Egypt in 60 days"" - the Egyptian couple who travels over the Egypt and showing the best places to visit on their Instagram. 

&amp;#x200B;

*Saint Simon the Tanner Hall &amp; ST. Mark's Church*

**First, lets read some facts:**

This huge cave was discovered in the year 1974. It was full of hundreds of tons of stones even up to the ceiling of the cave (which is 17 meters high from the ground), and was later prepared to contain ""St.Simon the Tanner Hall"" and ""St. Mark's Church""  
It was prepared to contain two storeys. The upper storey is ""ST. Simon the Tanner Hall"" prepared to accommodate 2000 people in spiritual meetings. The walls are decorated with many wonderful pictures engraved on the rocks representing scenarios from the Bible. The most unique scenery is of Jesus Christ opening His arms for all those who ask for Him.   
The lower storey is ""St. Mark's Church"", which was named after St. Mark the first preacher in Egyptian heritage. It was inaugurated in March 1993. 

The church dome at the Hall entrance is decorated from the outside by three great artistic pieces made of small colored mosaic , on top of the dome representing important scenes from the Bible ( crucifixion, Resurrection, rising to heaven).

**How to find it?**

It is Â located in the Mokattam Mountain. First adventure is a short drive through the so called ""Garbage Cityâ€™ â€“ a large population of garbage collectors or Zabbaleen that live there. My advice to you - get some air fresher. It is smelly. But it worth it!

&amp;#x200B;

I am not so good in taking photos though I've attached some for you to share this beauty!

  


https://i.redd.it/6fk2dd8sb8931.jpg

https://i.redd.it/9cg7ui9sb8931.jpg

https://i.redd.it/logaeu7sb8931.jpg

https://i.redd.it/nhm3hw7sb8931.jpg

https://i.redd.it/biq4ff8sb8931.jpg

https://i.redd.it/qctilx7sb8931.jpg

https://i.redd.it/0w1gjz7sb8931.jpg",travel
How Do People Travel?,"So my friend posted on Instagram a post about travel. How it was a choice and just a question about priorities and how everything she earns goes on stuff she wants to do 'today' and less focused on 'tomorrow' and says how everyone has a choice.

But I don't get it. Surely to travel you need savings, no? How do you pay for accomodation, food and all that if you're travelling? No one's going to hire you for a week! I'm struggling to pay rent in my own home and hardly have enough money for 'today'. Which also leads to, surely you need to be thinking in the future? Expenses coming up cost money.

I want to give up everything and go travelling so bad! I am happy to give up my life here but the furthest I could get is a couple miles down the road before my fuel runs out and I don't have the money to top up? It's just the money? How do people do it if they don't have saving or a re stinking rich or rich parents?

Sorry for the ranty questions, it's just really got me worked up thinking I'm doing something wrong when this has really been getting me down. But thank you for reading, I really appreciate it.",travel
Would LA -&gt; SF or SF-&gt;LA make more sense (by car)?,"Hi guys,

I'm planning on spending a month in SF in October (and then flying to Mexico for DÃ­a de Muertos) and I was wondering if it would make more sense to fly into LA and drive up the coast and inland to Yosemite then back to SF or the other way around (SF &gt; Yosemite &gt; coastal drive down to LA after my month in SF). Also, is there anything else more out of the way that I might want to include in the LA-SF (or SF-LA) portion of the trip?

I was also thinking about getting a car for like a week there (i.e. separately from the SF-LA driving portion) and doing day (or overnight) trips to some places. I guess it would make most sense to visit places to the North of SF this way (Redwood National Park, Napa etc. - I guess Lake Tahoe is too far).

&amp;#x200B;

Before you say a month in SF is a lot and it's an expensive place, yeah, I know, but I like to explore slowly and am willing to spend money (within reason, so not like $15,000) on this portion of my trip.

Your input is much appreciated.",travel
"After a long journey, the view from our balcony in Hallstatt is totally worth it!",,travel
"View of Lake O'Hara from the Lake Oesa Trail in Yoho National Park, BC, Canada",,travel
New England weekday off with Boyfriend... need suggestions of places to go!,"Hi All,

&amp;#x200B;

My bf is taking a day off next week finally! He has been working absolutely insane hours and we havent had alone time in forever. We're in New England, and need suggestions of a nice place to go for one day around this area. Any suggestions?",travel
"I live in Germany, my work is sending me to Texas and I have no idea what's awaiting me.","Hi there. I only know the US from Internet and TV and about Texas I know only two things:

- Everything is bigger in Texas

- That's so freaking true, if I compare Texas with all of the german speaking countries of Europe put together, it's still far larger, despite having less than a third of the population. Seriously, it's massive.

Well, I will be staying in Huston apparently and it will be two weeks.
Please hit me up with your best tidbits of knowledge about Texas and/or Huston. Feel free to embellish as much as you like and add in some stereotypes about it if you fancy. Just make me *really* look forward to this.

Oh, maybe someone knows a nearby forest area outside the city where one can take a nice half day hike?",travel
Traveling Europe Solo as a Black Female,"I am spending two weeks in Italy and then meeting my boyfriend in Budapest. What would be the best city in Italy to leave from? I was thinking Venice and having to go by bus, but itâ€™s a bit of a long bus ride so I was thinking of spending a day or two in surrounding countries. Maybe Slovenia or Croatia?
Iâ€™m a little worried about traveling alone and dealing with harassment or racism... Iâ€™m asking this out of safety concerns and not trying to offend anyone who lives or is from these places. 
Please any advice is welcomed!",travel
"I might be taking a friend to Vietnam with my family in January for 21 days, how much should they be saving for this trip?","So I might be bringing a friend on a trip to Vietnam with my family for 21 days in January. My family will cover her hotel, food, and transportation in Vietnam if needed(buses, trains, boats). They plan on taking her and I to North and South Vietnam, and a resort on an island where we have to fly. We might also go to Thailand for a couple of days since itâ€™s neighboring. Other than the roundtrip ticket to Vietnam and back, how much should she save if she only had to pay for the flights in Vietnam(from north to south or north to south, going to an island, and maybe Thailand) and maybe some souvenirs?",travel
Best 4G/LTE mobile hotspot router for Europe,I'll be travelling around Europe next month (Germany/poland) and I need to be connected at all times for work unfortunately. I ran into some trouble last year with my roaming coverage dropping out in some areas so I'm looking for something that'll get me coverage even in remote areas. Any input or recs would be appreciated. Thanks!,travel
Unique VISA to Schengen counties is making my head spin,"My wife and I are traveling to Europe in August and we would like to stay until December. I have the financial means, we plan on backpacking and not having solid plans on where we are going to be and when. I realize the limit is 90 days but I would like to apply for a Long Term Tourist VISA.

Iâ€™m also going to be taking Military flights. I planned on flying to London and then taking an EU flight to Norway. I could just fly to Spain, Germany, or Italy. I doubt taking a military flight lets me avoid the stamp but who knows?

Iâ€™m based in Florida and have looked into long term Visa appointments (5 hour drive) in Miami. They only offer to make an appointment for myself and not my wife. They also want flight and hotel info. What? I donâ€™t want to book these things until I know plus I donâ€™t have my military flight into until 3 days before.

Has anyone been through this? I donâ€™t want to do anything illegal and get banned from returning. What a bummer we can only visit for 90 days. I know the U.K. is not under this but Iâ€™m not really interested in visiting there.",travel
How early to book for Christmas season?,"Iâ€™m interested in booking an AI via cheap Caribbean for Dec 26-29 for my birthday! I know thatâ€™s a busy season and wanted to know any others experience booking through them? Any significant price changes? Iâ€™m planning to book in October, but willing to book mid/late September if needed",travel
Question- Layover in Huahine or Riaitea on Air Tahiti from PPT to BOB?,Weâ€™ll be spending 9 days in Bora Bora.  Our first thought was to fly direct from PPT but on Chase UR points we have the same price options that give you 8 or 9 hours in either Riaitea and or Huahine.  Weâ€™ve heard so much good about these islands we were thinking of doing those long layovers to be able to spend a day on the islands.  Has anyone done this? How does it work logistically?  What happens with your luggage?  Will they hold it at the airport?  I know with these smaller airports things are handled a little differently.  Thanks for your help!,travel
Suspicious request from Kyoto Airbnb host,"Hey everyone,

I received what I feel is an unusual request from our Airbnb reservation in Kyoto. Can anyone confirm whether this is normal? See below. 

As a requirement by the local city public health office and a requirement to keep our Airbnb operating license, we need to collect certain personal data. 

1. Copy of passport pictures 
2. Name
3. Permanent address
4. Occupation
5. Email
6. Country of residence 
7. Country of citizenship",travel
TOR to NY cheap travel?,"Hello All,

I am planning to visit New York for the first time from Toronto and on a budget. I was looking for Megabus and found out that if I break my journey from Toronto to Syracuse and then Syracuse to New York city (instead of Toronto to New York Direct), I save almost 40%. Have any of you guys did this before? TIA.",travel
10 to 14 days to spend in Central America/the Caribbean,"Hey guys, we're traveling to Texas in September to go on a cruise which stops at Mexico, Grand Cayman and Jamaica.  
 

Before we'd like to go somewhere in Central America or the Caribbean for  10 days or so, but can also stretch to 14 days and are happy to split  the time between multiple countries.  
 

If possible, we'd like to see some wildlife, go snorkeling, see some amazing places (natural or man made) and relax for a bit.  
 

We're not the backpacking types, and we'd like to have relative comforts  and safety since my wife will be taking her laptop, a lot of her work  and other bulky stuff.  
 

Any recommendations please? Thank you :)",travel
Travel budget advice for going to Dubai?,"Hi

I am going to get married next year and I am planning to have honeymoon in Dubai since my future wife dreams is going to Dubai.

However,

I would like to know how much should I bring? I am looking to book through AirBnb sincee I am looking for a room at most 70 USD per night. We don't drink since we're muslim.

Thank you so much :D",travel
What to do with foreign currency after returning home?,"To avoid loss in currency exchange rates (banks probably charge you extra to exchange then deposit), anyone has any ideas about where to exchange currency back? (common currency like British pounds for example)",travel
"Last few hours in Miami pn Monday, where to go near airport","Hey everyone!

&amp;#x200B;

I'll spend this weekend in Miami due to business reasons. My professional responsibilities end on monday \~2 PM (And I'll visit tourist spots on the weekend) and my outbound flight leave from Miami Airport on 7:55 PM (I think I should be at the airport around \~4:55 PM), so I'll have around 3 hours to do something.

I'll be around the [Blue Lagoon](https://goo.gl/maps/7uHPADksz84VLWsXA), and I was thinking in going to Dolphin Mall. According to google maps it's around **10-20m** [Blue Lagoon &gt; Dolphin Mall](https://goo.gl/maps/M1PD38CKjBPBprtq6), than around **10-20m** [Dolphin Mall &gt; Miami Airport](https://goo.gl/maps/MMKpWKbiPCfVHDGeA), meaning I'll have around 2 hours for some last minute shopping, arriving at the airport 3 hours before my flight.

&amp;#x200B;

Is this itinerary feasible for a monday afternoon? how is the traffic around? are the traveling times realistic?

Any other ideas I could do around the airport maybe?

&amp;#x200B;

Cheers and thank you for the help",travel
Traveling to Cuba,"Hey Guys - As the title says, me and my GF are heading down to cube for a long weekend at the end of the month. We are going on a 'support for the cuban people' and will have to have a pretty much full schedule the whole time.  We are going from Saturday 7/27 to Wednesday 7/31.  We have two out of the five days planned out with some Airbnb 'experiences'.  

One on 7/28  is a tour of a family cigar making business where we will visit a tobacco farm, a coffee farm, and do other outdoors adventures.  The description says all day so I am not worried about planning anything else this day. 

&amp;#x200B;

The other is on 7/30 where we will be going to Varadero Beach.  This is an all day thing as well with a visit to Bacunayagua view point, Saturno Cave, and Josone Park.  

&amp;#x200B;

I would like to visit Hemingways house and the bar he frequented.  I would also like to take a tour in one of the older model cars they have down there.   I have a few questions for anyone who has experiences with traveling to Cuba. 

&amp;#x200B;

What else should we do while were down there?  And How much should we budget for meals, taxi's, and other cultural experiences? We only plan on eating two to three nice meals with the rest being moderately priced street type food.  We will frequent bars at night, any recommendations on where to go?  We would like to view a sunset or two from a rooftop bar as well.",travel
Malaysian passport expires on 31 Dec 2019 and travelling NOW and staying in Japan for about 7 days.,"Immigration officer in Malaysia told me they will let me go even though my passport is pass the 6 months validity but they told me there is a risk when entering Japan and the officer is not sure about the rate of success in a case like mine. 

What should I do?? i need answers quick thank you",travel
"Travelling to Australia from the UK, Connection in China","In a few months, I will be flying out to Australia from the UK - A connecting flight in China.

Here's my situation:

\- My passport runs out on the 18/12/19

\- I will be in Australia between the 3/11/19 &amp; 15/11/19

\- Australian law states I don't need any time extra on my passport to enter and leave the country, so no issue here

&amp;#x200B;

However, with my connection in China, will I go through security again? And in China, I've read you need an additional 6 months on your passport from leaving date.

&amp;#x200B;

So does this law apply to me or not? As this is my first connecting flight and unsure of how it works.

&amp;#x200B;

Should I get a new passport and apply for a new eVisitor visa for Australia? But I. feel this will just cause stress in the meantime

&amp;#x200B;

TIA",travel
Passport problem in Ibiza,"So i am travelling to Ibiza from Scandinavia and on the trip to Ibiza they didn't check my passport and I hadn't checked my passport before flying(dumb i know) so on my day one now I realized my passport has expired. I don't have time to file an emergency passport, and there isn't an embacy here to talk to. I am only staying here for 3 more days, and worried they might check when we are flying home and that I won't be able to leave the country. I only have with me my credit card and no other ID.
Any ideas on what I should do or if I should just hope they don't check? Thanks",travel
Questions regarding routes and shoe recommendations for Dolomites,"Hello all! 

My boyfriend and I will be staying for 2.5 days in the Selva di Val Gardena area the first week of August. We are in our 20s and generally pretty sporty/active. I have done lots of hiking in the past but my boyfriend hasnâ€™t.

&amp;#x200B;

&amp;#x200B;

Weâ€™ve done a lot of online research but are struggling to find 1 or 2 standout hikes we can do while we are there. We will stop by for a photo op at the Church of San Giovanni on the drive in from Innsbruck but so far that is all that is set in stone. 

&amp;#x200B;

&amp;#x200B;

The Puez-Odle Altopiano is one weâ€™ve considered, as we are more keen for a difficult hike with less people and rewarding views. While we have a car, Iâ€™m not sure though if trailhead parking lots are a thing there?

&amp;#x200B;

&amp;#x200B;

Additionally, I just planned to take running shoes as I donâ€™t have hiking boots at the moment, and just running shoes have been fine for day hikes with little weight in the past (also have strict EasyJet bag restrictions), but donâ€™t know if that would be a bad idea for the Dolomites. 

&amp;#x200B;

&amp;#x200B;

Any comments on either of these parts would be great!",travel
Traveling the world for a year...suggestions needed!,"Hey Reddit-land. My fiancÃ© and I are planning a trip around for 2020 the world as our honeymoon and Iâ€™d love to get travel/destination suggestions!

1. Starting in Europe (west then east), the onto japan and Southeast Asia, then South Pacific and Australia/new Zealand. 

2. Would love to keep it cheap as possible while still keeping some of the magic and spoil ourselves in the right places.",travel
South Korea is incredible. How can I help you experience it?,"Hey everyone, Iâ€™m currently trying to find out how one could make the lives of travelers to South Korea easier ðŸ˜Š  


Which is why I have three very simple questions:

1. *What do you find attractive about traveling to South Korea / What would make you want to go there?*

2. *As someone planning to visit (or thinking about visiting) Korea, what are the 2 biggest issues youâ€™re dealing with?*

3. *Regarding travel to Korea, what would you wish for more than anything else?*

&amp;#x200B;

Thank you so much in advance â€“ looking forward to reading your answers!",travel
Traveling Alone,"Iâ€™m 25 years old. Iâ€™m single, work for myself , and make enough money to where I could travel
To other countries a few times a year. Unfortunately all my friends are either in grad school or work 9-5â€™s . I want to travel but that means going alone. Who has traveled abroad alone and recommends it or has advice? 

PS. Iâ€™ve also never traveled abroad 
Thanks!",travel
Itinerary help: Cross-country USA roadtrip from New Jersey to Los Angeles,"Hey Guys, travelling with another person in a month who can help share the driving time and doing the trip from New Jersey to Los Angeles. I am trying to incorporate as much nature as reasonable to enjoy this trip. Any recommendations would be helpful!

&amp;#x200B;

Day 1: Washington DC, Pisgah National Forest, Great Smokey Mountains

* NJ â†’ Washington DC (4 hours)
* Lunch in DC, see Lincoln Memorial and National Mall for 2 hours
* DC â†’ Pisgah National Forest (8 hours) 
* Could sleep in Salem, NC which is 1 hour before Pisgah

&amp;#x200B;

Day 2: [Pisgah National Forest](https://www.exploreasheville.com/outdoor-adventures/national-state-parks/pisgah-national-forest/) and Great Smokey Mountains

* Explore Pisgah in morning
* Pisgah â†’ Great Smokey Mountains (2 hour scenic drive through [Blue Ridge Parkway](https://www.exploreasheville.com/iconic-asheville/blue-ridge-parkway/))
* Explore [Great Smokey Mountains](https://travel.usnews.com/Great_Smoky_Mountains_National_Park_TN/Things_To_Do/)
   * Grotto Falls
   * Roaring Fork Motor Trail
* Sleep near McGhee airport

&amp;#x200B;

Day 3: Nashville, Memphis, Ozark

* McGhee airport â†’ Nashville (4 hours)
* Get lunch and explore Nashville
* Nashville â†’ Memphis (2 hours)
* Memphis â†’ Ozark National Forest (3 hours)

&amp;#x200B;

Day 4: Ozark, Great Sand Dunes National park

* Ozark â†’ Great Sand Dunes National Park (12 hour long drive to Colorado)

&amp;#x200B;

Day 5: Great Sand Dunes, Rocky Mountain National Park

* Explore Great Sand Dunes in Morning
* Great Sand Dunes â†’ Rocky Mountain (5 hours)
* Explore rocky mountain

&amp;#x200B;

Day 6: Rocky Mountain, Arches, Canyonlands

* Explore rocky mountain more if needed
* Rocky â†’ Arches (5 hours)
* Arches â†’ Canyonlands (30 min)

&amp;#x200B;

Day 7: Horseshoe bend, Antelope canyon, Lake Powell

* Canyonlands â†’ Monument Valley (2 hours)
* Monument Valley â†’ Antelope, Lake Powell and Horseshoe bend (3 hours)
* 3 hours in Antelope, Lake Powell and Horseshoe bend

&amp;#x200B;

Day 8: Las Vegas, Los Angeles

* Horseshoe bend â†’ Las Vegas (4.5 hours)
* Las Vegas â†’ Los Angeles (4 hours)",travel
Travel insurance Recommendation,Almost missed a return flight home due to air traffic control delays. My insurance (both work and credit card) said they do not cover this under my flight delay and interruption. Can anyone suggest one that does?,travel
Question about free baggage,"Hello,

I have asked this question recently, but wasn't able to get the final answer, so I will try it again with more details.

&amp;#x200B;

I am planning to book a flight from europe to australia. It will be 3 flights in total. One with scandinavian airlines and two with air india. The question is about baggage. It is written that I can take 2 bags of registered baggage:

&amp;#x200B;

https://i.redd.it/1lvy1udgaa931.png

I have checked both airlines wepages and found that in scandinavian airlines the policy is:

&amp;#x200B;

https://i.redd.it/5va524ec7a931.jpg

And with air india:

&amp;#x200B;

https://i.redd.it/wbdlgbd79a931.jpg

They have pretty different dimensions of baggage and also different weights.

&amp;#x200B;

So as I understand that if I would want to avoid any problems scandinavian airlines, I can take 2 bags, both about \~20 kilos. Total 40 kg?

&amp;#x200B;

It is a bit weird if I could take 40kg with this offer, because more expensive flights offer 30kg baggage.",travel
"A few questions about Nice, France","1. How much does the train or bus to Monaco cost?
2. Where can I buy the cheapest food? We're staying in a house so we will be able to cook
3. Where can I buy the cards that give access to all museums in Nice and Monaco for 3 days(70euro) and are they worth it?
4. Best places for sightseeing?

Answer whatever you can, every bit of info is appreciated :)",travel
"Traveled to Australia, did the ""standard"" two week itinerary (GOR, GBR, Uluru, Sydney) and absolutely loved the country - which other parts should I visit on my next two week trip there?","Just got back from a trip to Australia in which my wife and I (being American tourists) visited what seems to be the most common ""first trip to Australia"" itinerary by visiting Melbourne and driving the Great Ocean Road, staying in Port Douglas and hitting up the Great Barrier Reef and Daintreee, flying into the Alice Springs / Uluru section of the Outback and then spending the rest of of the trip in Sydney. Obviously not every American tourist visits only these areas the first time they travel to Australia, but I would say that almost every other set of Americans we met in Australia was doing some combination of these areas without any additions (which seems perfectly rational, since my wife and I really enjoyed each of these areas). 

&amp;#x200B;

So, all that said, having really enjoyed our trip, what other areas should my wife and I prioritize in our next two week trip to Australia  (I can sadly only ever cobble together about two consecutive weeks of off-time from work)?",travel
Where to go for one week?,"Hello! I am surprising my wife with a trip to Dublin this November.  We've both wanted to go to Ireland for a while and I'd like this trip to kick off an annual traveling tradition.  

&amp;#x200B;

We are both full time students and employees, so one week- ten days abroad is about all we can afford.  I'd like a trip somewhere in between ""I drive a 2 year old Mercedes back home"" and ""I eat Ramen every night"".  AirBnb based is great, and we're good with getting breakfast and lunch at stores in the country rather than restaurants.    I did a lot of research and saw this is quite possible in Ireland as we will have 5 days, after the two days of travel, in the city after travel and can do Killarney or such for one of those days.   


So my question is where are other places we could go next year where 5-10 days gives us enough time to see most of what that city/area is about?  I was thinking Geneva, but a very brief look into it showed that it's VERY expensive.  


Quick helpful info:  We're Americans. We would have about $4-5k each year for travel for the time being.  I'd like to see Italy, Germany and a Scandinavian country at some point.  Greece and New Zealand would be awesome!  Japan (the typical Tokyo/Kyoto trip is our ultimate travel want, so i think I'd need more time and money for that one).   What would y'all recommend?",travel
Bars in Paris,"Hi guys! Iâ€™m visiting Paris next month and I was wondering if you could suggest me some bars for a relaxing drink. Preferably reasonable prices and a good environment (not too relaxed or casual).  Locations like arrondissements 1,2,8,9,10 would be convenient. 
Thank you so much!",travel
Opinions on a Base in Spain in October,"Travelling to Spain in October with my girlfriend and will land in Barcelona, spend 2 days (weâ€™ve been before, love it, but would like to explore onwards) then set up a base for the next 6 days - we donâ€™t want to be on the move every 2-3 days. 

Currently thinking about Malaga, but open to other ideas (Alicante, Valencia, etc.). We want to be on the coast, so Sevilla and Granada arenâ€™t it. We also considered Faro, but seems the beaches are a bit Far-O (Iâ€™ll see myself out) and the waters potentially chilly in October. 

About us: weâ€™re in our early 30s, love food and drink, not into the party scene, like moderate hiking, cycling, beach, street art or the odd gallery, and just walking around a city for hours and taking it all in.",travel
Visa/esta request not completed,"Hi, I donâ€™t know where to really post this on reddit. But I would appreciate the help.

I want to travel to america and started a request for the visa on a third party site. My girlfriend send me the site saying that she got hers from there (2 years ago). 
I started filling in the form without really reading. I filled in my credit card for the reservation payment. Not even knowing the price for a visa at this site. Afterwards I get a page with the  full form to fill in.  There I see a lot  of questions regarding legal issues which I need to fill in. I then stop the application because there are a few legal things I need to fix before applying for the visa. I figured this wouldnâ€™t be a problem, because I only filled in my name and email address and stupidly filled in my credit card information.

I then immediately send them an email that I would like to cancel my reservation, because I donâ€™t have the right information or documents to complete the application for a visa. 

They respond saying. I have used their service and because they did â€˜workâ€™ I cannot get a full refund. The price they claimed for 2 visa â€˜requestsâ€™ was 178 euro. The price they are willing to refund is 50 euro. 

I am confused on what to do. I know that I was very reckless with filling in my cc information. 
I thought because I didnâ€™t actually apply for the visa that this wouldnâ€™t be a problem. I mean what kind of work can u do for a visa request without having information regarding the persons?

I would like to get some advice on what to do in this situation. I have contacted my bank and would like some more more information. 

Your help is truly appreciated,

The email they send me: [sparkmail](https://app.sparkmailapp.com/web-share/qk6E77vl00IrtIvfwyLQcKuLB4PqtbW4V6O6DrFT)

The site: www.usaetravelling.com",travel
Travel Companies that can Help me Move with a Cat,"Hi all!

I'm hoping I can get some help with this. In a month I am moving from Boston to Edinburgh, Scotland with my cat, Henry, and I have mapped out a rough draft of how to get there (unfortunately, you cannot just fly in directly to the UK with a pet unless in cargo hold). However, it is fairly complicated and requires a lot of international calling to book the various means of transportation. Does anyone know of a type of travel agency that I can work with that will help me book my travels, confirm they are all pet friendly, and make sure that none of the dates/times overlap? Every time I do research, I only see travel agencies that do vacations etc., but I am moving there for school and just need help with my flight, ferry ride and train.

&amp;#x200B;

Thank you so much! Any leads would be appreciated!",travel
1 night in Naples,"My girlfriend and I passing through Naples for one night on a limited budget, any advice on what we should go see while weâ€™re here?",travel
Passport through the wash? What a nightmare,"So, my passport and through the wash a few years ago. It looks to be fine, Ive looked online to see it fits within the boundaries of non destroyed passport, which is does. 

Pages are a little wrinkled, ID page is pretty much perfect apart from some wrinkles on one side. 
No pages missing etc. 

Am I right thinking this will be OK to fly with? I've asked some people irl who all say it looks to be okay. 

Tia. 

Going from UK to Sweden on Friday.",travel
Is Spanish useful in the United States or Europe at all?,Is Spanish useful in the United States or Europe at all?,travel
Peru itinerary questions including how long to spend in Cusco?,"I'm heading to Peru on a solo trip in August for 12 days, first time in South America! My itinerary as of now looks like:

1. Land in Lima around 9am
2. Lima
3. Lima - fly to Arequipa around 6pm
4. Arequipa
5. Colca Canyon 2 day/1 night trek
6. Colca Canyon 2 day/1 night trek
7. Arequipa - fly to Cusco in the morning
8. Cusco
9. Cusco - Aguas Calientes
10. Aguas Calientes/Macchu Pichu - back to Cusco
11. Cusco - may get rid of this day in Cusco and spend an extra day in Lima to go to Paracas OR hike Laguna 69 - worth it?
12. Cusco - Lake Humantay trek
13. Cusco - fly home

Questions for people who have been to any of these cities:

1. Does my order of things in Cusco seem okay - giving myself enough time to acclimatize, not doing Humantay the day after MP, enough/too much time to hang out in Cusco itself?
2. Is Paracas worth the day trip since my schedule is tight? I have done a bit of boat rides along rocky coastline and wildlife viewing in various places around the world so I'm not sure if my time is better spent in Cusco/Sacred Valley.
3. I'm on the fence about Sacred Valley - if I ended up doing Pisac and/or Ollantaytambo, is the best option to go on my way to Aguas Calientes via train? Open to opinions on these places that would help me decide whether to stop or not. I'm not super interested in seeing a ton of ruins but the Pisac market sounds interesting and I'm sure I would enjoy the scenery.
4. Has anyone done the Humantay trek and what did you think of it?
5. The Colca Canyon 2 day/1 night trek looks great, I love hiking and am in great shape. I've heard everything about it from it's great, to it's extremely tough, to it's not that impressive - anyone have any more input?
6. Anything that won't pop up in a guidebook that you would say is a must-do in any of these cities? (somewhat off the beaten touristy path)

Thanks!",travel
How can I know if I have to leave transit area to catch my connection flight or not before buying the ticket in Frankfurt?,"My passport requires transit visa for German airports however since I have an Irish visa (including biometric data) I don't have to get one if I don't leave the transit area. It appears in some cases we have to collect our bags and go through security check again even if it's the connection flight is in the same airport, so that means I'll be leaving transit/international area and setting foot on German soil without a visa and violating my condition? 

How can I know beforehand whether I'll have to collect my luggage and go to security or either one those or I'll don't have to do both? 

I've never been on a aeroplane before.",travel
Asian Events / Festivals in October,"Hi, 

I just learned I was invited to a wedding in Hyderabad (India) around the beginning of October (this year). I'm from Europe, so obviously I'm super excited to go and discover a new place, and since I have to attend a conference in South Korea at the end of October, I figured it would make sense to stay in Asia for the 2 weeks in between. 

I haven't travel much in Asia - except Cambodia for a few months and Northern Vietnam for a week - and I'd like to use these 2 weeks the best I could, ideally by going to traditional/interesting events. 

So my question is: Do you know some cool/fun/traditional events that I could attend to in Asia mid-October? 

Disclaimer: I probably won't have 2 full weeks off, so ideally I would stay in an area where I can have a decent internet connection for at least a week. (I can take a week off). 

&amp;#x200B;

Thanks :)",travel
They said Icefields Parkway is one of the most scenic drives onesrth and boy they werenâ€™t lying,,travel
"The often overlooked valley of Mt Bromo, Indonesia - I was mind blown by the vastness of the place, especially the huge temple looking like a miniature",,travel
Pay with local currency or credit card?,"I'm leaving in a few weeks for a 3 weeks vacation in Europe. I'll be visiting London (3 days), Amsterdam (3 days), Budapest (6 days) and Prague (8 days).

I'm wondering what would be the best way to pay for food and attractions. The countries we are visiting have 4 different currencies, so I thought that paying most of the things with my credit card would be the best and maybe get some cash just in case if it's needed. Am I wrong? 

Looking for any advice!

Edit: Im Canadian",travel
